{
  "version": "1.1.1",
  "windows": {
    "main": {
      "main": true,
      "url": "app://editor/index.html",
      "windowType": "dockable",
      "x": -8,
      "y": -8,
      "width": 1565,
      "height": 839,
      "layout": {
        "children": [
          {
            "children": [
              {
                "active": 0,
                "children": [
                  "hierarchy"
                ],
                "height": 300.2394714355469,
                "type": "panel",
                "width": 204.08822631835938
              },
              {
                "active": 0,
                "children": [
                  "assets"
                ],
                "height": 303.2520751953125,
                "type": "panel",
                "width": 204.08822631835938
              }
            ],
            "height": 606.504150390625,
            "type": "dock-v",
            "width": 204.08822631835938
          },
          {
            "children": [
              {
                "children": [
                  {
                    "active": 0,
                    "children": [
                      "scene"
                    ],
                    "height": 303.2520751953125,
                    "type": "panel",
                    "width": 484.9159240722656
                  },
                  {
                    "active": 0,
                    "children": [
                      "node-library"
                    ],
                    "height": 303.2520751953125,
                    "type": "panel",
                    "width": 264.41595458984375
                  }
                ],
                "height": 303.2520751953125,
                "type": "dock-h",
                "width": 752.3319091796875
              },
              {
                "active": 0,
                "children": [
                  "console",
                  "timeline",
                  "game-window"
                ],
                "height": 300.2394714355469,
                "type": "panel",
                "width": 752.3319091796875
              }
            ],
            "height": 606.504150390625,
            "type": "dock-v",
            "width": 752.3319091796875
          },
          {
            "active": 0,
            "children": [
              "inspector",
              "cocos-services"
            ],
            "height": 606.504150390625,
            "type": "panel",
            "width": 304.1344299316406
          }
        ],
        "type": "dock-h"
      },
      "panels": [
        "hierarchy",
        "assets",
        "scene",
        "node-library",
        "console",
        "timeline",
        "game-window",
        "inspector",
        "cocos-services"
      ]
    },
    "worker": {}
  },
  "panels": {},
  "panelLabelWidth": {}
}
