{
  "version": "1.1.1",
  "windows": {
    "main": {
      "main": true,
      "url": "app://editor/index.html",
      "windowType": "dockable",
      "x": 0,
      "y": 0,
      "width": 1550,
      "height": 824,
      "layout": {
        "children": [
          {
            "children": [
              {
                "active": 0,
                "children": [
                  "hierarchy"
                ],
                "height": 350.5588073730469,
                "type": "panel",
                "width": 247.8655242919922
              },
              {
                "active": 0,
                "children": [
                  "assets"
                ],
                "height": 354.5798034667969,
                "type": "panel",
                "width": 247.8655242919922
              }
            ],
            "height": 708.1512451171875,
            "type": "dock-v",
            "width": 247.8655242919922
          },
          {
            "children": [
              {
                "active": 0,
                "children": [
                  "scene"
                ],
                "height": 354.07562255859375,
                "type": "panel",
                "width": 912.5167236328125
              },
              {
                "active": 0,
                "children": [
                  "console",
                  "timeline",
                  "game-window"
                ],
                "height": 351.07562255859375,
                "type": "panel",
                "width": 912.5167236328125
              }
            ],
            "height": 708.1512451171875,
            "type": "dock-v",
            "width": 912.5167236328125
          },
          {
            "active": 0,
            "children": [
              "inspector",
              "cocos-services"
            ],
            "height": 708.1512451171875,
            "type": "panel",
            "width": 368.8109130859375
          }
        ],
        "type": "dock-h"
      },
      "panels": [
        "hierarchy",
        "assets",
        "scene",
        "console",
        "timeline",
        "game-window",
        "inspector",
        "cocos-services"
      ]
    }
  },
  "panels": {},
  "panelLabelWidth": {}
}
